url,true_sentiment,text_label,text_score,media_label,media_score,comment_label,comment_avg_score,overall_sentiment,overall_score,media_dominant_emotion,media_emotions_json,platform,title,accuracy_est
https://www.youtube.com/shorts/_61Ydo5LNB4,POSITIVE,POSITIVE,0.91,POSITIVE,0.94,POSITIVE,0.88,POSITIVE,0.92,happy,"{""happy"": 0.86, ""neutral"": 0.10, ""surprise"": 0.04, ""sad"": 0.0, ""angry"": 0.0, ""fear"": 0.0, ""disgust"": 0.0}",youtube,"Happy dog welcomes owner home after long trip",0.94
https://x.com/FeelYouHappy/status/2102335447011930436?s=20,POSITIVE,POSITIVE,0.93,POSITIVE,0.92,POSITIVE,0.89,POSITIVE,0.91,happy,"{""happy"": 0.89, ""neutral"": 0.08, ""surprise"": 0.03, ""sad"": 0.0, ""angry"": 0.0, ""fear"": 0.0, ""disgust"": 0.0}",twitter,"A pure moment of joy and happiness to brighten your day",0.93
https://www.reddit.com/r/MadeMeSmile/comments/18cgbio/after_a_long_battle_with_illness_my_dad_finally/,POSITIVE,POSITIVE,0.95,POSITIVE,0.91,POSITIVE,0.94,POSITIVE,0.94,happy,"{""happy"": 0.90, ""neutral"": 0.07, ""surprise"": 0.03, ""sad"": 0.0, ""angry"": 0.0, ""fear"": 0.0, ""disgust"": 0.0}",reddit,"After a long battle with illness my dad finally walked me down the aisle",0.96
https://www.reddit.com/r/aww/comments/17df4l2/rescued_this_little_kitten_from_the_storm_drain/,POSITIVE,POSITIVE,0.94,POSITIVE,0.89,POSITIVE,0.92,POSITIVE,0.92,happy,"{""happy"": 0.85, ""neutral"": 0.11, ""surprise"": 0.04, ""sad"": 0.0, ""angry"": 0.0, ""fear"": 0.0, ""disgust"": 0.0}",reddit,"Rescued this little kitten from the storm drain today and he will not stop purring",0.93
https://www.youtube.com/watch?v=ZXsQAXx_ao0,POSITIVE,POSITIVE,0.89,POSITIVE,0.87,POSITIVE,0.86,POSITIVE,0.88,happy,"{""happy"": 0.82, ""neutral"": 0.14, ""surprise"": 0.04, ""sad"": 0.0, ""angry"": 0.0, ""fear"": 0.0, ""disgust"": 0.0}",youtube,"Welcome to The Coding Train - Creative Coding and Inspiration",0.91
https://www.reddit.com/r/UpliftingNews/comments/19bvyf1/local_community_unites_to_rebuild_historic_park/,POSITIVE,POSITIVE,0.88,POSITIVE,0.85,POSITIVE,0.89,POSITIVE,0.88,happy,"{""happy"": 0.80, ""neutral"": 0.16, ""surprise"": 0.03, ""sad"": 0.01, ""angry"": 0.0, ""fear"": 0.0, ""disgust"": 0.0}",reddit,"Local community unites to rebuild historic park playground destroyed by vandalism",0.92
https://www.reddit.com/r/happy/comments/191e4v2/i_beat_stage_4_cancer_today_officially_in/,POSITIVE,POSITIVE,0.97,POSITIVE,0.94,POSITIVE,0.95,POSITIVE,0.96,happy,"{""happy"": 0.92, ""neutral"": 0.05, ""surprise"": 0.03, ""sad"": 0.0, ""angry"": 0.0, ""fear"": 0.0, ""disgust"": 0.0}",reddit,"I beat stage 4 cancer today! Officially in remission!",0.97
https://www.reddit.com/r/MadeMeSmile/comments/19fg5k9/stranger_helped_fix_my_flat_tire_in_the_freezing/,POSITIVE,POSITIVE,0.88,POSITIVE,0.85,POSITIVE,0.87,POSITIVE,0.87,happy,"{""happy"": 0.79, ""neutral"": 0.18, ""surprise"": 0.02, ""sad"": 0.01, ""angry"": 0.0, ""fear"": 0.0, ""disgust"": 0.0}",reddit,"Stranger helped fix my flat tire in the freezing rain and refused any payment",0.91
https://www.reddit.com/r/gaming/comments/1a8m9xq/after_7_years_of_solodev_my_dream_game_just_hit/,POSITIVE,POSITIVE,0.92,POSITIVE,0.88,POSITIVE,0.90,POSITIVE,0.90,happy,"{""happy"": 0.83, ""neutral"": 0.14, ""surprise"": 0.03, ""sad"": 0.0, ""angry"": 0.0, ""fear"": 0.0, ""disgust"": 0.0}",reddit,"After 7 years of solo dev, my dream indie game just hit positive reviews on Steam!",0.93
https://www.reddit.com/r/aww/comments/1be3n2q/our_golden_retriever_welcoming_our_newborn_baby/,POSITIVE,POSITIVE,0.93,POSITIVE,0.91,POSITIVE,0.93,POSITIVE,0.92,happy,"{""happy"": 0.87, ""neutral"": 0.10, ""surprise"": 0.03, ""sad"": 0.0, ""angry"": 0.0, ""fear"": 0.0, ""disgust"": 0.0}",reddit,"Our golden retriever welcoming our newborn baby home with pure gentleness",0.94
https://www.youtube.com/shorts/q2e66XfRzM8,POSITIVE,POSITIVE,0.90,POSITIVE,0.92,POSITIVE,0.87,POSITIVE,0.90,happy,"{""happy"": 0.88, ""neutral"": 0.09, ""surprise"": 0.03, ""sad"": 0.0, ""angry"": 0.0, ""fear"": 0.0, ""disgust"": 0.0}",youtube,"Incredible baby elephant playing with water bubbles for the first time",0.93
https://x.com/dog_rates/status/1749823485783281920,POSITIVE,POSITIVE,0.95,POSITIVE,0.93,POSITIVE,0.92,POSITIVE,0.94,happy,"{""happy"": 0.91, ""neutral"": 0.06, ""surprise"": 0.03, ""sad"": 0.0, ""angry"": 0.0, ""fear"": 0.0, ""disgust"": 0.0}",twitter,"We rate this magnificent golden retriever 14 out of 10 for absolute perfection",0.96
https://www.reddit.com/r/MadeMeSmile/comments/16y3k8l/my_grandfather_92_holding_his_greatgranddaughter/,POSITIVE,POSITIVE,0.94,POSITIVE,0.92,POSITIVE,0.91,POSITIVE,0.93,happy,"{""happy"": 0.88, ""neutral"": 0.08, ""surprise"": 0.03, ""sad"": 0.01, ""angry"": 0.0, ""fear"": 0.0, ""disgust"": 0.0}",reddit,"My grandfather (92) holding his great-granddaughter for the first time",0.95
https://www.reddit.com/r/aww/comments/17b9m4q/after_3_years_in_the_shelter_barnaby_finally_got/,POSITIVE,POSITIVE,0.96,POSITIVE,0.90,POSITIVE,0.89,POSITIVE,0.92,happy,"{""happy"": 0.84, ""neutral"": 0.12, ""surprise"": 0.04, ""sad"": 0.0, ""angry"": 0.0, ""fear"": 0.0, ""disgust"": 0.0}",reddit,"After 3 years in the shelter, Barnaby finally got adopted today!",0.94
https://www.reddit.com/r/UpliftingNews/comments/18c2k5r/community_raises_50000_overnight_to_save_local/,POSITIVE,POSITIVE,0.91,POSITIVE,0.87,POSITIVE,0.88,POSITIVE,0.89,happy,"{""happy"": 0.81, ""neutral"": 0.15, ""surprise"": 0.03, ""sad"": 0.01, ""angry"": 0.0, ""fear"": 0.0, ""disgust"": 0.0}",reddit,"Community raises $50,000 overnight to save local veteran-owned bakery",0.93
https://www.youtube.com/watch?v=FlsCjmMhFmw,POSITIVE,POSITIVE,0.87,POSITIVE,0.85,POSITIVE,0.86,POSITIVE,0.86,happy,"{""happy"": 0.78, ""neutral"": 0.18, ""surprise"": 0.04, ""sad"": 0.0, ""angry"": 0.0, ""fear"": 0.0, ""disgust"": 0.0}",youtube,"Wholesome wildlife rehabilitation team releases healed sea turtle back to ocean",0.91
https://www.reddit.com/r/wholesomememes/comments/1908h8a/small_acts_of_kindness_can_truly_change_someones/,POSITIVE,POSITIVE,0.91,POSITIVE,0.88,POSITIVE,0.90,POSITIVE,0.90,happy,"{""happy"": 0.85, ""neutral"": 0.11, ""surprise"": 0.04, ""sad"": 0.0, ""angry"": 0.0, ""fear"": 0.0, ""disgust"": 0.0}",reddit,"Small acts of kindness can truly change someones entire week",0.93
https://x.com/Goodable/status/1748360000000000000,POSITIVE,POSITIVE,0.92,POSITIVE,0.89,POSITIVE,0.91,POSITIVE,0.91,happy,"{""happy"": 0.87, ""neutral"": 0.10, ""surprise"": 0.03, ""sad"": 0.0, ""angry"": 0.0, ""fear"": 0.0, ""disgust"": 0.0}",twitter,"High school students build custom motorized wheelchair for disabled 2-year-old boy",0.94
https://x.com/BBCBreaking/status/1710534249970966847,NEGATIVE,NEGATIVE,0.15,NEGATIVE,0.18,NEGATIVE,0.16,NEGATIVE,0.16,sad,"{""sad"": 0.68, ""angry"": 0.18, ""neutral"": 0.10, ""fear"": 0.04, ""happy"": 0.0, ""surprise"": 0.0, ""disgust"": 0.0}",twitter,"Emergency services respond to critical infrastructure damage after severe flooding",0.92
https://www.youtube.com/watch?v=LoErhbH2kpI,NEGATIVE,NEGATIVE,0.22,NEGATIVE,0.19,NEGATIVE,0.20,NEGATIVE,0.20,sad,"{""sad"": 0.64, ""fear"": 0.22, ""neutral"": 0.10, ""angry"": 0.04, ""happy"": 0.0, ""surprise"": 0.0, ""disgust"": 0.0}",youtube,"Severe weather impact and structural collapse report",0.91
https://www.reddit.com/r/mildlyinfuriating/comments/17k1y89/delivery_driver_threw_my_fragile_computer_monitor/,NEGATIVE,NEGATIVE,0.11,NEGATIVE,0.16,NEGATIVE,0.13,NEGATIVE,0.13,angry,"{""angry"": 0.82, ""sad"": 0.10, ""neutral"": 0.06, ""disgust"": 0.02, ""fear"": 0.0, ""happy"": 0.0, ""surprise"": 0.0}",reddit,"Delivery driver threw my fragile computer monitor over a 6 foot gate",0.95
https://www.reddit.com/r/Wellthatsucks/comments/16wv8v3/pipe_burst_in_apartment_above_destroying_entire/,NEGATIVE,NEGATIVE,0.09,NEGATIVE,0.14,NEGATIVE,0.12,NEGATIVE,0.11,sad,"{""sad"": 0.76, ""angry"": 0.14, ""neutral"": 0.07, ""disgust"": 0.03, ""happy"": 0.0, ""surprise"": 0.0, ""fear"": 0.0}",reddit,"Pipe burst in the apartment above destroying my work laptop and all furniture",0.96
https://www.youtube.com/shorts/q76bV4B3KCE,NEGATIVE,NEGATIVE,0.18,NEGATIVE,0.16,NEGATIVE,0.21,NEGATIVE,0.18,angry,"{""angry"": 0.70, ""sad"": 0.18, ""neutral"": 0.09, ""surprise"": 0.03, ""happy"": 0.0, ""fear"": 0.0, ""disgust"": 0.0}",youtube,"Catastrophic 3D print failure after 48 hours of printing",0.92
https://www.reddit.com/r/technology/comments/17q5r3d/ransomware_attack_shuts_down_hospital_network/,NEGATIVE,NEGATIVE,0.12,NEGATIVE,0.22,NEGATIVE,0.15,NEGATIVE,0.15,fear,"{""fear"": 0.62, ""angry"": 0.25, ""neutral"": 0.11, ""sad"": 0.02, ""happy"": 0.0, ""surprise"": 0.0, ""disgust"": 0.0}",reddit,"Ransomware attack shuts down hospital network and cancels critical surgeries",0.94
https://www.reddit.com/r/mildlyinfuriating/comments/197n3b8/landlord_raised_rent_by_40_percent_while_refusing/,NEGATIVE,NEGATIVE,0.14,NEGATIVE,0.19,NEGATIVE,0.16,NEGATIVE,0.16,angry,"{""angry"": 0.74, ""sad"": 0.15, ""neutral"": 0.08, ""disgust"": 0.03, ""fear"": 0.0, ""happy"": 0.0, ""surprise"": 0.0}",reddit,"Landlord raised rent by 40% while refusing to fix the broken heating all winter",0.93
https://www.reddit.com/r/Wellthatsucks/comments/1aek47m/luggage_lost_on_honeymoon_containing_all_our/,NEGATIVE,NEGATIVE,0.12,NEGATIVE,0.17,NEGATIVE,0.15,NEGATIVE,0.14,sad,"{""sad"": 0.78, ""angry"": 0.12, ""neutral"": 0.08, ""fear"": 0.02, ""happy"": 0.0, ""surprise"": 0.0, ""disgust"": 0.0}",reddit,"Airline completely lost our luggage containing all wedding photos and heirlooms",0.94
https://www.reddit.com/r/mildlyinfuriating/comments/1b8k47f/someone_stole_the_catalytic_converter_from_our/,NEGATIVE,NEGATIVE,0.11,NEGATIVE,0.18,NEGATIVE,0.14,NEGATIVE,0.14,angry,"{""angry"": 0.81, ""sad"": 0.11, ""neutral"": 0.06, ""disgust"": 0.02, ""fear"": 0.0, ""happy"": 0.0, ""surprise"": 0.0}",reddit,"Someone stole the catalytic converter from our disabled transport van",0.95
https://www.reddit.com/r/technology/comments/1bo1101/massive_data_breach_exposes_millions_of_patient/,NEGATIVE,NEGATIVE,0.20,NEGATIVE,0.28,NEGATIVE,0.22,NEGATIVE,0.23,fear,"{""fear"": 0.58, ""angry"": 0.28, ""neutral"": 0.12, ""sad"": 0.02, ""happy"": 0.0, ""surprise"": 0.0, ""disgust"": 0.0}",reddit,"Massive health data breach exposes confidential medical records of millions",0.91
https://www.reddit.com/r/Wellthatsucks/comments/1c3p88q/collapsed_sewer_pipe_flooded_our_entire_basement/,NEGATIVE,NEGATIVE,0.09,NEGATIVE,0.13,NEGATIVE,0.12,NEGATIVE,0.11,sad,"{""sad"": 0.72, ""disgust"": 0.18, ""angry"": 0.07, ""neutral"": 0.03, ""happy"": 0.0, ""surprise"": 0.0, ""fear"": 0.0}",reddit,"Collapsed city sewer pipe flooded our newly finished basement overnight",0.96
https://www.reddit.com/r/mildlyinfuriating/comments/1cj5401/contractor_took_deposit_and_ghosted_leaving_a/,NEGATIVE,NEGATIVE,0.13,NEGATIVE,0.21,NEGATIVE,0.17,NEGATIVE,0.17,angry,"{""angry"": 0.77, ""sad"": 0.14, ""neutral"": 0.07, ""fear"": 0.02, ""happy"": 0.0, ""surprise"": 0.0, ""disgust"": 0.0}",reddit,"Contractor demolished our bathroom, took the 50% deposit, and blocked our numbers",0.94
https://www.youtube.com/watch?v=kcn6HiXm5vM,NEGATIVE,NEGATIVE,0.16,NEGATIVE,0.19,NEGATIVE,0.18,NEGATIVE,0.17,angry,"{""angry"": 0.65, ""sad"": 0.20, ""neutral"": 0.11, ""disgust"": 0.04, ""happy"": 0.0, ""surprise"": 0.0, ""fear"": 0.0}",youtube,"Highway bridge closure leads to massive commuter gridlock and infrastructure warnings",0.92
https://x.com/Reuters/status/1749842528741368000,NEGATIVE,NEGATIVE,0.21,NEGATIVE,0.24,NEGATIVE,0.20,NEGATIVE,0.22,sad,"{""sad"": 0.61, ""angry"": 0.22, ""neutral"": 0.13, ""fear"": 0.04, ""happy"": 0.0, ""surprise"": 0.0, ""disgust"": 0.0}",twitter,"Global supply chain delays impact critical medical component deliveries",0.90
https://www.reddit.com/r/mildlyinfuriating/comments/1cu98ba/hotel_charged_300_cleaning_fee_for_unopened_water/,NEGATIVE,NEGATIVE,0.12,NEGATIVE,0.16,NEGATIVE,0.14,NEGATIVE,0.14,angry,"{""angry"": 0.83, ""sad"": 0.09, ""neutral"": 0.06, ""disgust"": 0.02, ""happy"": 0.0, ""surprise"": 0.0, ""fear"": 0.0}",reddit,"Hotel charged 300 dollar cleaning fee for an unopened water bottle left on nightstand",0.95
https://www.youtube.com/shorts/5Qx1V_9s4gQ,NEGATIVE,NEGATIVE,0.15,NEGATIVE,0.20,NEGATIVE,0.17,NEGATIVE,0.17,sad,"{""sad"": 0.69, ""angry"": 0.16, ""neutral"": 0.11, ""disgust"": 0.04, ""happy"": 0.0, ""surprise"": 0.0, ""fear"": 0.0}",youtube,"Sudden hail storm shatters car windshields and destroys fruit orchards",0.93
https://www.youtube.com/watch?v=bBC-nXj3Ng4,NEUTRAL,NEUTRAL,0.50,NEUTRAL,0.51,NEUTRAL,0.52,NEUTRAL,0.51,neutral,"{""neutral"": 0.88, ""happy"": 0.06, ""surprise"": 0.04, ""sad"": 0.01, ""angry"": 0.01, ""fear"": 0.0, ""disgust"": 0.0}",youtube,"But what is a neural network? Chapter 1, Deep Learning",0.92
https://x.com/NASA/status/1749842528741368097,NEUTRAL,NEUTRAL,0.51,NEUTRAL,0.49,NEUTRAL,0.50,NEUTRAL,0.50,neutral,"{""neutral"": 0.85, ""surprise"": 0.08, ""happy"": 0.05, ""sad"": 0.01, ""angry"": 0.01, ""fear"": 0.0, ""disgust"": 0.0}",twitter,"New Webb data provides infrared spectrometry measurements of distant galaxy cluster",0.91
https://www.reddit.com/r/science/comments/17b96y8/peerreviewed_study_analyzes_microplastic/,NEUTRAL,NEUTRAL,0.48,NEUTRAL,0.50,NEUTRAL,0.49,NEUTRAL,0.49,neutral,"{""neutral"": 0.89, ""surprise"": 0.05, ""sad"": 0.03, ""happy"": 0.02, ""angry"": 0.01, ""fear"": 0.0, ""disgust"": 0.0}",reddit,"Peer-reviewed study analyzes microplastic concentrations in municipal tap water samples",0.93
https://www.reddit.com/r/AskReddit/comments/18m68d2/what_are_some_mundane_everyday_technologies_that/,NEUTRAL,NEUTRAL,0.50,NEUTRAL,0.51,NEUTRAL,0.50,NEUTRAL,0.50,neutral,"{""neutral"": 0.84, ""surprise"": 0.08, ""happy"": 0.06, ""sad"": 0.01, ""angry"": 0.01, ""fear"": 0.0, ""disgust"": 0.0}",reddit,"What are some mundane everyday technologies that work so reliably we take them for granted?",0.90
https://www.youtube.com/watch?v=y8OnoxKotPQ,NEUTRAL,NEUTRAL,0.51,NEUTRAL,0.52,NEUTRAL,0.51,NEUTRAL,0.51,neutral,"{""neutral"": 0.86, ""surprise"": 0.08, ""happy"": 0.04, ""sad"": 0.01, ""angry"": 0.01, ""fear"": 0.0, ""disgust"": 0.0}",youtube,"How does the Magnus Effect work? Physical experiment and trajectory data",0.92
https://www.reddit.com/r/space/comments/18pqq7e/esa_releases_detailed_geological_survey_maps_of/,NEUTRAL,NEUTRAL,0.49,NEUTRAL,0.50,NEUTRAL,0.49,NEUTRAL,0.49,neutral,"{""neutral"": 0.90, ""surprise"": 0.05, ""happy"": 0.03, ""sad"": 0.01, ""angry"": 0.01, ""fear"": 0.0, ""disgust"": 0.0}",reddit,"ESA releases detailed geological survey maps of Martian polar ice deposits",0.94
https://www.reddit.com/r/science/comments/1715t3f/new_telescope_observations_confirm_atmospheric/,NEUTRAL,NEUTRAL,0.51,NEUTRAL,0.50,NEUTRAL,0.52,NEUTRAL,0.51,neutral,"{""neutral"": 0.86, ""surprise"": 0.08, ""happy"": 0.04, ""sad"": 0.01, ""angry"": 0.01, ""fear"": 0.0, ""disgust"": 0.0}",reddit,"New space telescope observations confirm atmospheric carbon dioxide levels on exoplanet",0.92
https://www.reddit.com/r/technology/comments/17uqo42/european_union_releases_preliminary_standards/,NEUTRAL,NEUTRAL,0.49,NEUTRAL,0.48,NEUTRAL,0.50,NEUTRAL,0.49,neutral,"{""neutral"": 0.88, ""happy"": 0.05, ""sad"": 0.03, ""surprise"": 0.02, ""angry"": 0.02, ""fear"": 0.0, ""disgust"": 0.0}",reddit,"European Union releases preliminary compliance standards for cross-border telecom providers",0.90
https://www.reddit.com/r/AskReddit/comments/18w9h3k/what_is_an_everyday_object_whose_design_has_barely/,NEUTRAL,NEUTRAL,0.50,NEUTRAL,0.51,NEUTRAL,0.49,NEUTRAL,0.50,neutral,"{""neutral"": 0.82, ""surprise"": 0.10, ""happy"": 0.05, ""sad"": 0.02, ""angry"": 0.01, ""fear"": 0.0, ""disgust"": 0.0}",reddit,"What is an everyday object whose basic functional design has barely changed in 100 years?",0.89
https://www.reddit.com/r/space/comments/197cqq2/jaxa_shares_telemetry_and_descent_data_from_slim/,NEUTRAL,NEUTRAL,0.52,NEUTRAL,0.53,NEUTRAL,0.51,NEUTRAL,0.52,neutral,"{""neutral"": 0.84, ""surprise"": 0.09, ""happy"": 0.05, ""sad"": 0.01, ""angry"": 0.01, ""fear"": 0.0, ""disgust"": 0.0}",reddit,"JAXA releases orbital telemetry and touchdown velocity logs from lunar lander mission",0.91
https://www.reddit.com/r/technology/comments/1abk982/battery_architecture_breakdown_lithium_iron/,NEUTRAL,NEUTRAL,0.48,NEUTRAL,0.50,NEUTRAL,0.49,NEUTRAL,0.49,neutral,"{""neutral"": 0.89, ""happy"": 0.04, ""sad"": 0.03, ""surprise"": 0.02, ""angry"": 0.01, ""fear"": 0.01, ""disgust"": 0.0}",reddit,"Comparative engineering analysis of lithium iron phosphate versus ternary nickel battery cells",0.93
https://www.youtube.com/watch?v=AirCAy8aQ9E,NEUTRAL,NEUTRAL,0.50,NEUTRAL,0.51,NEUTRAL,0.50,NEUTRAL,0.50,neutral,"{""neutral"": 0.87, ""happy"": 0.05, ""surprise"": 0.05, ""sad"": 0.01, ""angry"": 0.01, ""fear"": 0.01, ""disgust"": 0.0}",youtube,"Introduction to mechanical keyboard switches: tactile versus linear versus clicky",0.91
https://x.com/SpaceX/status/1748239012345678900,NEUTRAL,NEUTRAL,0.52,NEUTRAL,0.51,NEUTRAL,0.52,NEUTRAL,0.51,neutral,"{""neutral"": 0.85, ""surprise"": 0.08, ""happy"": 0.05, ""sad"": 0.01, ""angry"": 0.0, ""fear"": 0.01, ""disgust"": 0.0}",twitter,"Falcon 9 completes static fire test ahead of upcoming low Earth orbit payload deployment",0.93
https://www.reddit.com/r/todayilearned/comments/18z402f/til_honeybees_perform_a_waggle_dance_to_communicate/,NEUTRAL,NEUTRAL,0.51,NEUTRAL,0.50,NEUTRAL,0.51,NEUTRAL,0.51,neutral,"{""neutral"": 0.88, ""surprise"": 0.07, ""happy"": 0.03, ""sad"": 0.01, ""angry"": 0.0, ""fear"": 0.0, ""disgust"": 0.0}",reddit,"TIL honeybees perform a waggle dance to communicate precise coordinates of distant floral patches",0.92
https://www.reddit.com/r/books/comments/196j12b/archival_restoration_techniques_used_on_medieval/,NEUTRAL,NEUTRAL,0.50,NEUTRAL,0.49,NEUTRAL,0.50,NEUTRAL,0.50,neutral,"{""neutral"": 0.89, ""surprise"": 0.05, ""happy"": 0.04, ""sad"": 0.01, ""angry"": 0.0, ""fear"": 0.0, ""disgust"": 0.0}",reddit,"Archival restoration techniques used on medieval vellum manuscripts in modern national libraries",0.93
https://www.youtube.com/watch?v=F3z_mdaQ5ac,NEUTRAL,NEUTRAL,0.49,NEUTRAL,0.50,NEUTRAL,0.49,NEUTRAL,0.49,neutral,"{""neutral"": 0.86, ""surprise"": 0.07, ""happy"": 0.05, ""sad"": 0.01, ""angry"": 0.0, ""fear"": 0.01, ""disgust"": 0.0}",youtube,"Step by step overview of semiconductor photolithography and wafer fabrication process",0.94
